<!DOCTYPE mycat:rule SYSTEM "rule.dtd">
<mycat:rule xmlns:mycat="http://io.mycat/">
    <tableRule name="rule1">
        <rule>
            <columns>id</columns>
            <algorithm>func1</algorithm>
        </rule>
    </tableRule>
    <tableRule name="rule2">
        <rule>
            <columns>user_id</columns>
            <algorithm>func1</algorithm>
        </rule>
    </tableRule>
    <tableRule name="sharding-by-intfile">
        <rule>
            <columns>sharding_id</columns>
            <algorithm>hash-int</algorithm>
        </rule>
    </tableRule>
    <tableRule name="auto-sharding-long">
        <rule>
            <columns>id</columns>
            <algorithm>rang-long</algorithm>
        </rule>
    </tableRule>
    <tableRule name="mod-long">
        <rule>
            <columns>id</columns>
            <algorithm>mod-long</algorithm>
        </rule>
    </tableRule>
    <tableRule name="sharding-by-murmur">
        <rule>
            <columns>id</columns>
            <algorithm>murmur</algorithm>
        </rule>
    </tableRule>
    <tableRule name="sharding-by-month">
        <rule>
            <columns>create_date</columns>
            <algorithm>partbymonth</algorithm>
        </rule>
    </tableRule>
    <tableRule name="latest-month-calldate">
        <rule>
            <columns>calldate</columns>
            <algorithm>latestMonth</algorithm>
        </rule>
    </tableRule>
    <tableRule name="auto-sharding-rang-mod">
        <rule>
            <columns>id</columns>
            <algorithm>rang-mod</algorithm>
        </rule>
    </tableRule>
    <tableRule name="jch">
        <rule>
            <columns>id</columns>
            <algorithm>jump-consistent-hash</algorithm>
        </rule>
    </tableRule>
    <function name="murmur" class="io.mycat.route.function.PartitionByMurmurHash">
        <property name="seed">0</property>
        <property name="count">2</property>
        <property name="virtualBucketTimes">160</property>
    </function>
    <function name="hash-int" class="io.mycat.route.function.PartitionByFileMap">
        <property name="mapFile">partition-hash-int.txt</property>
    </function>
    <function name="rang-long" class="io.mycat.route.function.AutoPartitionByLong">
        <property name="mapFile">autopartition-long.txt</property>
    </function>
    <function name="mod-long" class="io.mycat.route.function.PartitionByMod">
        <property name="count">3</property>
    </function>
    <function name="func1" class="io.mycat.route.function.PartitionByLong">
        <property name="partitionCount">8</property>
        <property name="partitionLength">128</property>
    </function>
    <function name="latestMonth" class="io.mycat.route.function.LatestMonthPartion">
        <property name="splitOneDay">24</property>
    </function>
    <function name="partbymonth" class="io.mycat.route.function.PartitionByMonth">
        <property name="dateFormat">yyyy-MM-dd</property>
        <property name="sBeginDate">2015-01-01</property>
    </function>
    <function name="rang-mod" class="io.mycat.route.function.PartitionByRangeMod">
        <property name="mapFile">partition-range-mod.txt</property>
    </function>
    <function name="jump-consistent-hash" class="io.mycat.route.function.PartitionByJumpConsistentHash">
        <property name="totalBuckets">3</property>
    </function>
</mycat:rule>
